SEP=;
DateTime;CoreBodyTemp [C];TempChangeRate [C/h];TempQuality [1(poor) to 4(excellent)];SkinTemp [C]
21.12.2022 00:00:53;37.05;0;4;36.08
21.12.2022 00:01:53;37.05;0.3;4;36.06
21.12.2022 00:02:53;37.06;0.3;4;36.03
21.12.2022 00:03:53;37.06;0;4;36.02
21.12.2022 00:04:53;37.06;0.3;4;36.01
21.12.2022 00:05:53;37.06;0;4;35.98
21.12.2022 00:06:53;37.06;0;4;35.94
21.12.2022 00:07:53;37.06;0;4;35.91
21.12.2022 00:08:53;37.07;0.3;4;35.87
21.12.2022 00:09:53;37.07;0;4;35.85
21.12.2022 00:10:53;37.07;0;4;35.84
21.12.2022 00:11:53;37.07;0;4;35.83
21.12.2022 00:12:53;37.07;0;4;35.72
21.12.2022 00:13:53;37.06;-0.3;4;35.77
21.12.2022 00:14:53;37.05;-0.6;4;35.78
21.12.2022 00:15:53;37.05;-0.3;4;35.8
21.12.2022 00:16:53;37.04;-0.3;4;35.85
21.12.2022 00:17:53;37.03;-0.6;4;35.92
21.12.2022 00:18:53;37.03;-0.3;4;35.96
21.12.2022 00:19:53;37.02;-0.3;4;35.97
21.12.2022 00:20:53;37.01;-0.6;4;35.95
21.12.2022 00:21:53;37.01;-0.3;4;35.92
21.12.2022 00:22:53;37;-0.6;4;35.89
21.12.2022 00:23:53;36.99;-0.6;4;35.87
21.12.2022 00:24:53;36.98;-0.6;4;35.84
21.12.2022 00:25:52;36.97;-0.61;4;35.81
21.12.2022 00:26:52;36.95;-0.9;4;35.78
21.12.2022 00:27:52;36.94;-0.6;4;35.76
21.12.2022 00:28:52;36.93;-0.6;4;35.74
21.12.2022 00:29:52;36.92;-0.6;4;35.63
21.12.2022 00:30:52;36.91;-0.6;4;35.61
21.12.2022 00:31:52;36.9;-0.9;4;35.58
21.12.2022 00:32:52;36.88;-0.9;4;35.6
21.12.2022 00:33:52;36.86;-1.2;4;35.68
21.12.2022 00:34:52;36.85;-0.9;4;35.73
21.12.2022 00:35:52;36.83;-0.9;4;35.78
21.12.2022 00:36:52;36.82;-0.9;4;35.84
21.12.2022 00:37:52;36.81;-0.6;4;35.88
21.12.2022 00:38:52;36.8;-0.6;4;35.93
21.12.2022 00:39:52;36.79;-0.6;4;35.97
21.12.2022 00:40:52;36.78;-0.3;4;36.02
21.12.2022 00:41:52;36.78;-0.3;4;36.06
21.12.2022 00:42:52;36.77;-0.3;4;36.11
21.12.2022 00:43:52;36.77;-0.3;4;36.14
21.12.2022 00:44:52;36.76;-0.3;4;36.18
21.12.2022 00:45:52;36.76;-0.3;4;36.21
21.12.2022 00:46:52;36.75;-0.3;4;36.24
21.12.2022 00:47:52;36.74;-0.6;4;36.26
21.12.2022 00:48:52;36.74;-0.3;4;36.28
21.12.2022 00:49:52;36.73;-0.6;4;36.3
21.12.2022 00:50:52;36.72;-0.3;4;36.33
21.12.2022 00:51:52;36.71;-0.6;4;36.35
21.12.2022 00:52:52;36.71;-0.3;4;36.36
21.12.2022 00:53:52;36.7;-0.6;4;36.38
21.12.2022 00:54:52;36.69;-0.6;4;36.4
21.12.2022 00:55:52;36.68;-0.3;4;36.41
21.12.2022 00:56:52;36.68;-0.3;4;36.42
21.12.2022 00:57:52;36.67;-0.6;4;36.44
21.12.2022 00:58:52;36.66;-0.3;4;36.42
21.12.2022 00:59:52;36.66;-0.3;4;36.35
21.12.2022 01:00:52;36.65;-0.3;4;36.27
21.12.2022 01:01:52;36.65;-0.3;4;36.18
21.12.2022 01:02:52;36.65;0;4;36.09
21.12.2022 01:03:52;36.65;0;4;36.01
21.12.2022 01:04:52;36.65;0;4;35.94
21.12.2022 01:05:52;36.65;0.3;4;35.87
21.12.2022 01:06:52;36.65;0;4;35.81
21.12.2022 01:07:52;36.65;0;4;35.75
21.12.2022 01:08:52;36.66;0.3;4;35.71
21.12.2022 01:09:52;36.66;0;4;35.65
21.12.2022 01:10:52;36.66;0.3;4;35.61
21.12.2022 01:11:52;36.66;0;4;35.57
21.12.2022 01:12:52;36.67;0.3;4;35.53
21.12.2022 01:13:52;36.67;0;4;35.5
21.12.2022 01:14:52;36.67;0.3;4;35.47
21.12.2022 01:15:52;36.67;0;4;35.44
21.12.2022 01:16:52;36.67;0;4;35.42
21.12.2022 01:17:52;36.67;0;4;35.39
21.12.2022 01:18:52;36.67;0;4;35.37
21.12.2022 01:19:52;36.68;0.3;4;35.35
21.12.2022 01:20:52;36.68;0;4;35.33
21.12.2022 01:21:52;36.69;0.6;4;35.31
21.12.2022 01:22:52;36.69;0.3;4;35.3
21.12.2022 01:23:52;36.7;0.3;4;35.28
21.12.2022 01:24:52;36.7;0.3;4;35.27
21.12.2022 01:25:52;36.71;0.6;4;35.26
21.12.2022 01:26:52;36.72;0.3;4;35.25
21.12.2022 01:27:52;36.72;0;4;35.24
21.12.2022 01:28:52;36.72;0;4;35.23
21.12.2022 01:29:52;36.71;-0.3;4;35.22
21.12.2022 01:30:52;36.7;-0.6;4;35.21
21.12.2022 01:31:52;36.69;-0.6;4;35.2
21.12.2022 01:32:52;36.69;-0.3;4;35.19
21.12.2022 01:33:52;36.68;-0.6;4;35.18
21.12.2022 01:34:52;36.67;-0.3;4;35.17
21.12.2022 01:35:52;36.67;-0.3;4;35.16
21.12.2022 01:36:52;36.66;-0.3;4;35.16
21.12.2022 01:37:52;36.65;-0.6;4;35.15
21.12.2022 01:38:52;36.65;-0.3;4;35.14
21.12.2022 01:39:52;36.64;-0.3;4;35.13
21.12.2022 01:40:52;36.63;-0.6;4;35.13
21.12.2022 01:41:52;36.63;-0.3;4;35.12
21.12.2022 01:42:52;36.62;-0.6;4;35.11
21.12.2022 01:43:52;36.61;-0.3;4;35.11
21.12.2022 01:44:52;36.61;-0.3;4;35.1
21.12.2022 01:45:52;36.61;0;4;35.1
21.12.2022 01:46:52;36.6;-0.3;4;35.1
21.12.2022 01:47:52;36.6;0;4;35.1
21.12.2022 01:48:52;36.6;0;4;35.09
21.12.2022 01:49:52;36.61;0.3;4;35.1
21.12.2022 01:50:52;36.61;0;4;35.14
21.12.2022 01:51:52;36.61;0.3;4;35.18
21.12.2022 01:52:52;36.61;0;4;35.2
21.12.2022 01:53:52;36.62;0.6;4;35.21
21.12.2022 01:54:52;36.63;0.6;4;35.21
21.12.2022 01:55:52;36.65;0.9;4;35.2
21.12.2022 01:56:52;36.65;0.3;4;35.19
21.12.2022 01:57:52;36.66;0.6;4;35.18
21.12.2022 01:58:52;36.67;0.3;4;35.18
21.12.2022 01:59:52;36.67;0.3;4;35.17
21.12.2022 02:00:52;36.68;0.3;4;35.16
21.12.2022 02:01:52;36.68;0;4;35.16
21.12.2022 02:02:52;36.69;0.6;4;35.15
21.12.2022 02:03:52;36.69;0.3;4;35.14
21.12.2022 02:04:52;36.7;0.6;4;35.14
21.12.2022 02:05:52;36.71;0.6;4;35.13
21.12.2022 02:06:52;36.72;0.6;4;35.13
21.12.2022 02:07:52;36.74;0.9;4;35.12
21.12.2022 02:08:52;36.75;0.9;4;35.12
21.12.2022 02:09:52;36.77;0.9;4;35.11
21.12.2022 02:10:52;36.78;0.9;4;35.1
21.12.2022 02:11:52;36.79;0.6;4;35.1
21.12.2022 02:12:52;36.8;0.6;4;35.07
21.12.2022 02:13:52;36.81;0.6;4;35.05
21.12.2022 02:14:52;36.82;0.6;4;35.05
21.12.2022 02:15:52;36.82;0;4;35.09
21.12.2022 02:16:52;36.83;0.3;4;35.13
21.12.2022 02:17:52;36.83;0;4;35.18
21.12.2022 02:18:52;36.83;0.3;4;35.23
21.12.2022 02:19:52;36.83;-0.3;4;35.27
21.12.2022 02:20:52;36.83;0.3;4;35.3
21.12.2022 02:21:52;36.83;-0.3;4;35.34
21.12.2022 02:22:52;36.83;0;4;35.37
21.12.2022 02:23:52;36.83;0;4;35.39
21.12.2022 02:24:52;36.82;-0.3;4;35.41
21.12.2022 02:25:52;36.82;-0.3;4;35.43
21.12.2022 02:26:52;36.81;-0.6;4;35.45
21.12.2022 02:27:52;36.8;-0.3;4;35.47
21.12.2022 02:28:52;36.8;-0.3;4;35.48
21.12.2022 02:29:52;36.8;0;4;35.5
21.12.2022 02:30:52;36.79;-0.3;4;35.51
21.12.2022 02:31:52;36.79;-0.3;4;35.52
21.12.2022 02:32:52;36.78;-0.6;4;35.53
21.12.2022 02:33:52;36.77;-0.6;4;35.55
21.12.2022 02:34:52;36.76;-0.6;4;35.56
21.12.2022 02:35:52;36.74;-0.9;4;35.57
21.12.2022 02:36:52;36.73;-0.6;4;35.58
21.12.2022 02:37:52;36.72;-0.6;4;35.59
21.12.2022 02:38:52;36.71;-0.9;4;35.61
21.12.2022 02:39:52;36.7;-0.6;4;35.63
21.12.2022 02:40:52;36.69;-0.6;4;35.63
21.12.2022 02:41:52;36.67;-0.9;4;35.62
21.12.2022 02:42:52;36.66;-0.6;4;35.61
21.12.2022 02:43:52;36.65;-0.6;4;35.58
21.12.2022 02:44:52;36.64;-0.6;4;35.56
21.12.2022 02:45:52;36.63;-0.6;4;35.54
21.12.2022 02:46:52;36.63;-0.3;4;35.51
21.12.2022 02:47:52;36.62;-0.6;4;35.49
21.12.2022 02:48:52;36.61;-0.6;4;35.46
21.12.2022 02:49:52;36.61;0;4;35.44
21.12.2022 02:50:52;36.6;-0.6;4;35.42
21.12.2022 02:51:52;36.59;-0.3;4;35.4
21.12.2022 02:52:52;36.59;-0.3;4;35.38
21.12.2022 02:53:52;36.58;-0.3;4;35.36
21.12.2022 02:54:52;36.57;-0.6;4;35.34
21.12.2022 02:55:52;36.57;0;4;35.32
21.12.2022 02:56:52;36.57;-0.3;4;35.3
21.12.2022 02:57:52;36.57;0;4;35.29
21.12.2022 02:58:52;36.57;0.3;4;35.28
21.12.2022 02:59:52;36.57;-0.3;4;35.28
21.12.2022 03:00:52;36.57;0;4;35.28
21.12.2022 03:01:52;36.56;-0.3;4;35.31
21.12.2022 03:02:52;36.56;-0.3;4;35.37
21.12.2022 03:03:52;36.56;0;4;35.44
21.12.2022 03:04:52;36.55;-0.3;4;35.51
21.12.2022 03:05:52;36.55;0;4;35.55
21.12.2022 03:06:52;36.55;0;4;35.6
21.12.2022 03:07:52;36.55;0;4;35.61
21.12.2022 03:08:52;36.55;0;4;35.55
21.12.2022 03:09:52;36.55;0;4;35.48
21.12.2022 03:10:52;36.55;0;4;35.4
21.12.2022 03:11:52;36.55;0;4;35.33
21.12.2022 03:12:52;36.55;0;4;35.26
21.12.2022 03:13:52;36.55;0;4;35.19
21.12.2022 03:14:52;36.55;0;4;35.13
21.12.2022 03:15:52;36.55;0;4;35.09
21.12.2022 03:16:52;36.55;0;4;35.05
21.12.2022 03:17:52;36.55;-0.3;4;35.02
21.12.2022 03:18:52;36.55;0;4;35
21.12.2022 03:19:52;36.54;-0.3;4;34.97
21.12.2022 03:20:52;36.54;-0.3;4;34.94
21.12.2022 03:21:52;36.54;0;4;34.92
21.12.2022 03:22:52;36.53;-0.3;4;34.9
21.12.2022 03:23:52;36.53;0;4;34.88
21.12.2022 03:24:52;36.53;0;4;34.87
21.12.2022 03:25:52;36.53;0;4;34.85
21.12.2022 03:26:52;36.53;0;4;34.83
21.12.2022 03:27:52;36.53;0;4;34.82
21.12.2022 03:28:52;36.53;0;4;34.81
21.12.2022 03:29:52;36.53;0;4;34.8
21.12.2022 03:30:52;36.54;0.3;4;34.79
21.12.2022 03:31:52;36.54;0.3;4;34.77
21.12.2022 03:32:52;36.55;0.3;4;34.77
21.12.2022 03:33:52;36.56;0.6;4;34.76
21.12.2022 03:34:52;36.57;0.6;4;34.74
21.12.2022 03:35:52;36.58;0.6;4;34.74
21.12.2022 03:36:52;36.59;0.6;4;34.73
21.12.2022 03:37:52;36.6;0.6;4;34.71
21.12.2022 03:38:52;36.61;0.9;4;34.7
21.12.2022 03:39:52;36.63;0.9;4;34.68
21.12.2022 03:40:52;36.63;0.3;4;34.67
21.12.2022 03:41:52;36.63;0;4;34.67
21.12.2022 03:42:52;36.63;-0.3;4;34.65
21.12.2022 03:43:52;36.63;0;4;34.65
21.12.2022 03:44:52;36.62;-0.6;4;34.64
21.12.2022 03:45:52;36.62;0;4;34.63
21.12.2022 03:46:52;36.61;-0.3;4;34.63
21.12.2022 03:47:52;36.61;0;4;34.62
21.12.2022 03:48:52;36.61;0;4;34.62
21.12.2022 03:49:52;36.62;0.3;4;34.61
21.12.2022 03:50:52;36.62;0.3;4;34.6
21.12.2022 03:51:52;36.63;0.6;4;34.6
21.12.2022 03:52:52;36.64;0.6;4;34.6
21.12.2022 03:53:52;36.66;0.9;4;34.59
21.12.2022 03:54:52;36.67;0.6;4;34.58
21.12.2022 03:55:52;36.68;0.9;4;34.58
21.12.2022 03:56:52;36.7;0.9;4;34.57
21.12.2022 03:57:52;36.71;0.9;4;34.57
21.12.2022 03:58:52;36.73;0.9;4;34.57
21.12.2022 03:59:52;36.74;0.9;4;34.56
21.12.2022 04:00:52;36.76;0.9;4;34.56
21.12.2022 04:01:52;36.77;0.6;4;34.55
21.12.2022 04:02:52;36.78;0.9;4;34.55
21.12.2022 04:03:52;36.79;0.6;4;34.54
21.12.2022 04:04:52;36.81;0.9;4;34.54
21.12.2022 04:05:52;36.82;0.6;4;34.53
21.12.2022 04:06:52;36.83;0.6;4;34.53
21.12.2022 04:07:52;36.84;0.9;4;34.53
21.12.2022 04:08:52;36.85;0.6;4;34.52
21.12.2022 04:09:52;36.86;0.6;4;34.52
21.12.2022 04:10:52;36.87;0.6;4;34.51
21.12.2022 04:11:52;36.88;0.6;4;34.51
21.12.2022 04:12:52;36.9;0.9;4;34.5
21.12.2022 04:13:52;36.91;0.6;4;34.5
21.12.2022 04:14:52;36.92;0.6;4;34.5
21.12.2022 04:15:52;36.92;0.3;4;34.5
21.12.2022 04:16:52;36.92;-0.3;4;34.5
21.12.2022 04:17:52;36.9;-0.9;4;34.48
21.12.2022 04:18:52;36.88;-1.2;4;34.46
21.12.2022 04:19:52;36.87;-0.9;4;34.44
21.12.2022 04:20:52;36.85;-1.2;4;34.43
21.12.2022 04:21:52;36.83;-0.9;4;34.41
21.12.2022 04:22:52;36.82;-0.9;4;34.39
21.12.2022 04:23:52;36.8;-0.9;4;34.37
21.12.2022 04:24:52;36.79;-0.9;4;34.36
21.12.2022 04:25:52;36.78;-0.6;4;34.35
21.12.2022 04:26:52;36.77;-0.3;4;34.33
21.12.2022 04:27:52;36.76;-0.6;4;34.33
21.12.2022 04:28:53;36.75;-0.59;4;34.32
21.12.2022 04:29:53;36.74;-0.6;4;34.31
21.12.2022 04:30:53;36.73;-0.6;4;34.3
21.12.2022 04:31:53;36.72;-0.9;4;34.29
21.12.2022 04:32:53;36.7;-0.9;4;34.29
21.12.2022 04:33:53;36.69;-0.9;4;34.28
21.12.2022 04:34:53;36.68;-0.6;4;34.27
21.12.2022 04:35:53;36.67;-0.6;4;34.27
21.12.2022 04:36:53;36.66;-0.6;4;34.26
21.12.2022 04:37:53;36.65;-0.6;4;34.26
21.12.2022 04:38:53;36.64;-0.6;4;34.25
21.12.2022 04:39:53;36.63;-0.6;4;34.26
21.12.2022 04:40:53;36.63;0;4;34.26
21.12.2022 04:41:53;36.62;-0.3;4;34.26
21.12.2022 04:42:53;36.62;0;4;34.26
21.12.2022 04:43:53;36.62;0;4;34.26
21.12.2022 04:44:53;36.63;0.3;4;34.26
21.12.2022 04:45:53;36.63;0.3;4;34.27
21.12.2022 04:46:53;36.64;0.3;4;34.27
21.12.2022 04:47:53;36.64;0.3;4;34.27
21.12.2022 04:48:53;36.65;0.3;4;34.25
21.12.2022 04:49:53;36.66;0.6;4;34.25
21.12.2022 04:50:53;36.66;0.3;4;34.25
21.12.2022 04:51:53;36.67;0.3;4;34.24
21.12.2022 04:52:53;36.67;0.3;4;34.24
21.12.2022 04:53:53;36.68;0.6;4;34.23
21.12.2022 04:54:53;36.69;0.3;4;34.24
21.12.2022 04:55:53;36.7;0.6;4;34.23
21.12.2022 04:56:53;36.71;0.6;4;34.23
21.12.2022 04:57:53;36.72;0.6;4;34.23
21.12.2022 04:58:53;36.73;0.6;4;34.23
21.12.2022 04:59:53;36.74;0.6;4;34.23
21.12.2022 05:00:53;36.74;0.3;4;34.22
21.12.2022 05:01:53;36.75;0.6;4;34.21
21.12.2022 05:02:53;36.76;0.6;4;34.2
21.12.2022 05:03:53;36.77;0.6;4;34.19
21.12.2022 05:04:53;36.78;0.3;4;34.18
21.12.2022 05:05:53;36.78;0;4;34.17
21.12.2022 05:06:53;36.77;-0.3;4;34.16
21.12.2022 05:07:53;36.77;0;4;34.16
21.12.2022 05:08:53;36.77;-0.3;4;34.15
21.12.2022 05:09:53;36.77;0;4;34.14
21.12.2022 05:10:53;36.76;-0.3;4;34.14
21.12.2022 05:11:53;36.76;0;4;34.13
21.12.2022 05:12:53;36.77;0.3;4;34.13
21.12.2022 05:13:53;36.77;0.3;4;34.13
21.12.2022 05:14:53;36.78;0.3;4;34.13
21.12.2022 05:15:53;36.78;0;4;34.13
21.12.2022 05:16:53;36.78;0.3;4;34.13
21.12.2022 05:17:53;36.78;0;4;34.12
21.12.2022 05:18:53;36.79;0.3;4;34.12
21.12.2022 05:19:53;36.8;0.6;4;34.12
21.12.2022 05:20:53;36.81;0.6;4;34.12
21.12.2022 05:21:53;36.82;0.6;4;34.12
21.12.2022 05:22:53;36.83;0.6;4;34.12
21.12.2022 05:23:53;36.84;0.6;4;34.12
21.12.2022 05:24:53;36.85;0.9;4;34.12
21.12.2022 05:25:53;36.86;0.6;4;34.12
21.12.2022 05:26:53;36.87;0.6;4;34.12
21.12.2022 05:27:53;36.89;0.9;4;34.11
21.12.2022 05:28:53;36.9;0.6;4;34.13
21.12.2022 05:29:53;36.9;0;4;34.2
21.12.2022 05:30:53;36.89;-0.6;4;34.27
21.12.2022 05:31:53;36.88;-0.3;4;34.32
21.12.2022 05:32:53;36.87;-0.6;4;34.37
21.12.2022 05:33:53;36.86;-0.6;4;34.41
21.12.2022 05:34:53;36.85;-0.6;4;34.43
21.12.2022 05:35:53;36.84;-0.6;4;34.46
21.12.2022 05:36:53;36.83;-0.9;4;34.48
21.12.2022 05:37:53;36.81;-0.9;4;34.5
21.12.2022 05:38:53;36.81;-0.3;4;34.52
21.12.2022 05:39:53;36.8;-0.6;4;34.53
21.12.2022 05:40:53;36.79;-0.6;4;34.55
21.12.2022 05:41:53;36.77;-0.9;4;34.57
21.12.2022 05:42:53;36.76;-0.6;4;34.6
21.12.2022 05:43:53;36.75;-0.6;4;34.65
21.12.2022 05:44:53;36.74;-0.6;4;34.7
21.12.2022 05:45:53;36.73;-0.6;4;34.76
21.12.2022 05:46:53;36.73;-0.3;4;34.81
21.12.2022 05:47:53;36.72;-0.3;4;34.86
21.12.2022 05:48:53;36.71;-0.6;4;34.91
21.12.2022 05:49:53;36.7;-0.6;4;34.95
21.12.2022 05:50:53;36.69;-0.6;4;34.98
21.12.2022 05:51:53;36.68;-0.6;4;35.01
21.12.2022 05:52:53;36.67;-0.9;4;35.05
21.12.2022 05:53:53;36.66;-0.6;4;35.07
21.12.2022 05:54:53;36.64;-0.9;4;35.09
21.12.2022 05:55:53;36.63;-0.9;4;35.12
21.12.2022 05:56:53;36.62;-0.6;4;35.15
21.12.2022 05:57:53;36.6;-1.2;4;35.19
21.12.2022 05:58:53;36.58;-0.9;4;35.21
21.12.2022 05:59:53;36.57;-0.9;4;35.23
21.12.2022 06:00:53;36.56;-0.6;4;35.26
21.12.2022 06:01:53;36.55;-0.6;4;35.27
21.12.2022 06:02:53;36.54;-0.6;4;35.28
21.12.2022 06:03:53;36.53;-0.6;4;35.28
21.12.2022 06:04:53;36.52;-0.6;4;35.28
21.12.2022 06:05:53;36.51;-0.6;4;35.28
21.12.2022 06:06:53;36.5;-0.6;4;35.29
21.12.2022 06:07:53;36.48;-0.9;4;35.29
21.12.2022 06:08:53;36.47;-0.6;4;35.26
21.12.2022 06:09:53;36.46;-0.9;4;35.26
21.12.2022 06:10:53;36.44;-1.2;4;35.28
21.12.2022 06:11:53;36.43;-0.6;4;35.3
21.12.2022 06:12:53;36.42;-0.6;4;35.32
21.12.2022 06:13:53;36.41;-0.6;4;35.33
21.12.2022 06:14:53;36.4;-0.6;4;35.35
21.12.2022 06:15:53;36.38;-0.9;4;35.36
21.12.2022 06:16:53;36.37;-0.6;4;35.38
21.12.2022 06:17:53;36.36;-0.6;4;35.39
21.12.2022 06:18:53;36.35;-0.6;4;35.4
21.12.2022 06:19:53;36.34;-0.6;4;35.42
21.12.2022 06:20:53;36.33;-0.6;4;35.43
21.12.2022 06:21:53;36.32;-0.6;4;35.45
21.12.2022 06:22:53;36.31;-0.6;4;35.46
21.12.2022 06:23:53;36.31;-0.3;4;35.47
21.12.2022 06:24:53;36.3;-0.3;4;35.41
21.12.2022 06:25:53;36.3;-0.3;4;35.38
21.12.2022 06:26:53;36.29;-0.6;4;35.39
21.12.2022 06:27:53;36.28;-0.3;4;35.41
21.12.2022 06:28:53;36.28;0;4;35.39
21.12.2022 06:29:53;36.28;0;4;35.31
21.12.2022 06:30:53;36.29;0.3;4;35.23
21.12.2022 06:31:53;36.29;0;4;35.15
21.12.2022 06:32:53;36.29;0.3;4;35.07
21.12.2022 06:33:53;36.3;0.3;4;35
21.12.2022 06:34:53;36.3;0.3;4;34.95
21.12.2022 06:35:53;36.31;0.3;4;34.89
21.12.2022 06:36:53;36.31;0.3;4;34.84
21.12.2022 06:37:53;36.32;0.3;4;34.8
21.12.2022 06:38:53;36.32;0;4;34.76
21.12.2022 06:39:53;36.32;0.3;4;34.73
21.12.2022 06:40:53;36.33;0.3;4;34.7
21.12.2022 06:41:53;36.33;0.3;4;34.68
21.12.2022 06:42:53;36.35;1.2;4;34.67
21.12.2022 06:43:53;36.36;0.6;4;34.65
21.12.2022 06:44:53;36.38;0.9;4;34.64
21.12.2022 06:45:53;36.39;0.6;4;34.63
21.12.2022 06:46:53;36.4;0.6;4;34.61
21.12.2022 06:47:53;36.41;0.6;4;34.6
21.12.2022 06:48:53;36.42;0.6;4;34.59
21.12.2022 06:49:53;36.43;0.6;4;34.57
21.12.2022 06:50:53;36.44;0.9;4;34.56
21.12.2022 06:51:53;36.45;0.6;4;34.55
21.12.2022 06:52:53;36.46;0.6;4;34.54
21.12.2022 06:53:53;36.47;0.6;4;34.53
21.12.2022 06:54:53;36.48;0.6;4;34.52
21.12.2022 06:55:53;36.5;0.9;4;34.51
21.12.2022 06:56:53;36.51;0.6;4;34.5
21.12.2022 06:57:53;36.52;0.9;4;34.49
21.12.2022 06:58:53;36.54;1.2;4;34.48
21.12.2022 06:59:53;36.56;0.9;4;34.48
21.12.2022 07:00:53;36.57;0.9;4;34.46
21.12.2022 07:01:53;36.58;0.6;4;34.48
21.12.2022 07:02:53;36.59;0.6;4;34.51
21.12.2022 07:03:53;36.59;0;4;34.53
21.12.2022 07:04:53;36.6;0.3;4;34.55
21.12.2022 07:05:53;36.6;0.3;4;34.56
21.12.2022 07:06:53;36.61;0.3;4;34.56
21.12.2022 07:07:53;36.61;0.3;4;34.57
21.12.2022 07:08:53;36.62;0.3;4;34.58
21.12.2022 07:09:53;36.62;0.3;4;34.59
21.12.2022 07:10:53;36.63;0.3;4;34.59
21.12.2022 07:11:53;36.63;0.3;4;34.6
21.12.2022 07:12:53;36.64;0.6;4;34.6
21.12.2022 07:13:53;36.65;0.3;4;34.6
21.12.2022 07:14:53;36.66;0.9;4;34.61
21.12.2022 07:15:53;36.67;0.6;4;34.61
21.12.2022 07:16:53;36.68;0.6;4;34.61
21.12.2022 07:17:53;36.69;0.6;4;34.61
21.12.2022 07:18:53;36.7;0.6;4;34.61
21.12.2022 07:19:53;36.71;0.3;4;34.61
21.12.2022 07:20:53;36.72;0.9;4;34.61
21.12.2022 07:21:53;36.73;0.3;4;34.62
21.12.2022 07:22:53;36.73;0.3;4;34.64
21.12.2022 07:23:53;36.73;0;4;34.65
21.12.2022 07:24:53;36.73;0;4;34.67
21.12.2022 07:25:53;36.73;-0.3;4;34.68
21.12.2022 07:26:53;36.72;-0.6;4;34.69
21.12.2022 07:27:53;36.71;-0.3;4;34.7
21.12.2022 07:28:53;36.7;-0.6;4;34.71
21.12.2022 07:29:53;36.7;-0.3;4;34.71
21.12.2022 07:30:53;36.69;-0.3;4;34.73
21.12.2022 07:31:53;36.69;0;4;34.73
21.12.2022 07:32:53;36.69;-0.3;4;34.73
21.12.2022 07:33:53;36.68;-0.3;4;34.73
21.12.2022 07:34:53;36.68;-0.3;4;34.72
21.12.2022 07:35:53;36.67;-0.6;4;34.72
21.12.2022 07:36:53;36.67;0;4;34.72
21.12.2022 07:37:53;36.67;0.3;4;34.72
21.12.2022 07:38:53;36.67;0;4;34.74
21.12.2022 07:39:53;36.67;-0.3;4;34.76
21.12.2022 07:40:53;36.66;-0.3;4;34.77
21.12.2022 07:41:53;36.66;0;4;34.79
21.12.2022 07:42:53;36.66;-0.3;4;34.8
21.12.2022 07:43:53;36.65;-0.3;4;34.81
21.12.2022 07:44:53;36.65;-0.3;4;34.82
21.12.2022 07:45:53;36.64;-0.3;4;34.84
21.12.2022 07:46:53;36.64;0;4;34.9
21.12.2022 07:47:53;36.64;-0.3;4;34.95
21.12.2022 07:48:53;36.63;-0.3;4;35.01
21.12.2022 07:49:53;36.63;-0.3;4;35.06
21.12.2022 07:50:53;36.62;-0.6;4;35.12
21.12.2022 07:51:53;36.61;-0.6;4;35.17
21.12.2022 07:52:53;36.6;-0.6;4;35.23
21.12.2022 07:53:53;36.59;-0.3;4;35.29
21.12.2022 07:54:53;36.59;-0.3;4;35.34
21.12.2022 07:55:53;36.58;-0.6;4;35.38
21.12.2022 07:56:53;36.57;-0.3;4;35.42
21.12.2022 07:57:53;36.56;-0.6;4;35.46
21.12.2022 07:58:53;36.56;-0.3;4;35.49
21.12.2022 07:59:53;36.55;-0.6;4;35.52
21.12.2022 08:00:53;36.54;-0.6;4;35.55
21.12.2022 08:01:53;36.53;-0.6;4;35.58
21.12.2022 08:02:53;36.51;-0.9;4;35.61
21.12.2022 08:03:53;36.5;-0.6;4;35.63
21.12.2022 08:04:53;36.49;-0.6;4;35.65
21.12.2022 08:05:53;36.48;-0.6;4;35.68
21.12.2022 08:06:53;36.48;-0.3;4;35.68
21.12.2022 08:07:53;36.47;-0.3;4;35.67
21.12.2022 08:08:53;36.47;0;4;35.66
21.12.2022 08:09:53;36.47;-0.3;4;35.65
21.12.2022 08:10:53;36.46;-0.3;4;35.64
21.12.2022 08:11:53;36.46;-0.3;4;35.63
21.12.2022 08:12:53;36.45;-0.6;4;35.63
21.12.2022 08:13:53;36.45;0;4;35.63
21.12.2022 08:14:53;36.44;-0.3;4;35.62
21.12.2022 08:15:53;36.44;-0.3;4;35.62
21.12.2022 08:16:53;36.43;-0.3;4;35.62
21.12.2022 08:17:53;36.43;-0.3;4;35.63
21.12.2022 08:18:53;36.42;-0.3;4;35.63
21.12.2022 08:19:53;36.42;-0.3;4;35.65
21.12.2022 08:20:53;36.41;-0.3;4;35.67
21.12.2022 08:21:53;36.41;0;4;35.68
21.12.2022 08:22:53;36.41;-0.3;4;35.69
21.12.2022 08:23:53;36.4;-0.3;4;35.7
21.12.2022 08:24:53;36.4;-0.3;4;35.71
21.12.2022 08:25:53;36.39;-0.3;4;35.72
21.12.2022 08:26:53;36.39;-0.3;4;35.73
21.12.2022 08:27:53;36.39;0;4;35.73
21.12.2022 08:28:53;36.38;-0.3;4;35.74
21.12.2022 08:29:53;36.38;0;4;35.71
21.12.2022 08:30:53;36.38;0;4;35.66
21.12.2022 08:31:53;36.38;-0.3;4;35.6
21.12.2022 08:32:53;36.38;0;4;35.54
21.12.2022 08:33:53;36.37;-0.3;4;35.48
21.12.2022 08:34:53;36.37;0;4;35.44
21.12.2022 08:35:53;36.37;0;4;35.39
21.12.2022 08:36:53;36.37;0;4;35.36
21.12.2022 08:37:53;36.37;-0.3;4;35.33
21.12.2022 08:38:53;36.37;0;4;35.31
21.12.2022 08:39:53;36.37;0;4;35.28
21.12.2022 08:40:53;36.37;0;4;35.26
21.12.2022 08:41:53;36.37;0.3;4;35.25
21.12.2022 08:42:53;36.37;0;4;35.24
21.12.2022 08:43:53;36.37;0;4;35.23
21.12.2022 08:44:53;36.37;0;4;35.23
21.12.2022 08:45:53;36.37;0;4;35.22
21.12.2022 08:46:53;36.37;0;4;35.22
21.12.2022 08:47:53;36.37;0;4;35.21
21.12.2022 08:48:53;36.37;0;4;35.21
21.12.2022 08:49:53;36.37;0;4;35.21
21.12.2022 08:50:53;36.37;0;4;35.21
21.12.2022 08:51:53;36.37;0;4;35.21
21.12.2022 08:52:53;36.38;0.3;4;35.21
21.12.2022 08:53:53;36.38;0;4;35.21
21.12.2022 08:54:53;36.38;0;4;35.21
21.12.2022 08:55:53;36.37;-0.3;4;35.21
21.12.2022 08:56:53;36.37;0;4;35.21
21.12.2022 08:57:53;36.38;0.3;4;35.25
21.12.2022 08:58:53;36.39;0.6;4;35.29
21.12.2022 08:59:53;36.4;0.6;4;35.35
21.12.2022 09:00:53;36.41;0.6;4;35.4
21.12.2022 09:01:54;36.42;0.59;4;35.45
21.12.2022 09:02:54;36.43;0.6;4;35.5
21.12.2022 09:03:54;36.44;0.6;4;35.55
21.12.2022 09:04:54;36.45;0.6;4;35.59
21.12.2022 09:05:54;36.46;0.6;4;35.62
21.12.2022 09:06:54;36.47;0.6;4;35.66
21.12.2022 09:07:54;36.47;0.3;4;35.69
21.12.2022 09:08:54;36.48;0.6;4;35.72
21.12.2022 09:09:54;36.49;0.3;4;35.74
21.12.2022 09:10:54;36.49;0.3;4;35.77
21.12.2022 09:11:54;36.5;0.6;4;35.79
21.12.2022 09:12:54;36.51;0.3;4;35.81
21.12.2022 09:13:54;36.51;0.3;4;35.83
21.12.2022 09:14:54;36.51;0;4;35.84
21.12.2022 09:15:54;36.52;0.3;4;35.84
21.12.2022 09:16:54;36.52;0;4;35.82
21.12.2022 09:17:54;36.52;0.3;4;35.81
21.12.2022 09:18:54;36.53;0.3;4;35.79
21.12.2022 09:19:54;36.53;0.3;4;35.77
21.12.2022 09:20:54;36.54;0.3;4;35.75
21.12.2022 09:21:54;36.54;0;4;35.74
21.12.2022 09:22:54;36.54;0;4;35.72
21.12.2022 09:23:54;36.54;0;4;35.68
21.12.2022 09:24:54;36.54;0.3;4;35.64
21.12.2022 09:25:54;36.54;0;4;35.61
21.12.2022 09:26:54;36.54;0;4;35.58
21.12.2022 09:27:54;36.54;0;4;35.56
21.12.2022 09:28:54;36.54;0;4;35.55
21.12.2022 09:29:54;36.54;0;4;35.5
21.12.2022 09:30:54;36.54;0;4;35.47
21.12.2022 09:31:54;36.54;-0.3;4;35.45
21.12.2022 09:32:54;36.53;-0.3;4;35.46
21.12.2022 09:33:54;36.53;0;4;35.28
21.12.2022 09:34:54;36.52;-0.6;4;35.29
21.12.2022 09:35:54;36.52;-0.3;4;35.32
21.12.2022 09:36:54;36.52;0;4;35.32
21.12.2022 09:37:54;36.52;0;4;35.31
21.12.2022 09:38:54;36.52;0;4;35.33
21.12.2022 09:39:54;36.52;0;4;35.3
21.12.2022 09:40:54;36.52;0.3;4;35.33
21.12.2022 09:41:54;36.52;0;4;35.34
21.12.2022 09:42:54;36.53;0.3;4;35.32
21.12.2022 09:43:54;36.53;0.3;4;35.27
21.12.2022 09:44:54;36.53;0;4;35.27
21.12.2022 09:45:54;36.54;0.3;4;35.27
21.12.2022 09:46:54;36.54;0;4;35.25
21.12.2022 09:47:54;36.53;-0.3;4;35.29
21.12.2022 09:48:54;36.53;0;4;35.3
21.12.2022 09:49:54;36.53;0;4;35.33
21.12.2022 09:50:54;36.53;-0.3;4;35.31
21.12.2022 09:51:54;36.52;-0.3;4;35.33
21.12.2022 09:52:54;36.52;-0.3;4;35.36
21.12.2022 09:53:54;36.51;-0.3;4;35.39
21.12.2022 09:54:54;36.51;-0.3;4;35.46
21.12.2022 09:55:54;36.51;0;4;35.49
21.12.2022 09:56:54;36.51;0;4;35.49
21.12.2022 09:57:54;36.51;0;4;35.36
21.12.2022 09:58:54;36.51;0;4;35.17
21.12.2022 09:59:54;36.51;0.3;4;35.12
21.12.2022 10:00:54;36.52;0.3;4;35.01
21.12.2022 10:01:54;36.53;0.9;4;35.06
21.12.2022 10:02:54;36.55;1.2;4;35.1
21.12.2022 10:03:54;36.57;0.9;4;35.13
21.12.2022 10:04:54;36.58;0.9;4;35.17
21.12.2022 10:05:54;36.6;0.9;4;35.22
21.12.2022 10:06:54;36.61;0.6;4;35.27
21.12.2022 10:07:54;36.62;0.6;4;35.33
21.12.2022 10:08:54;36.62;0.3;4;35.39
21.12.2022 10:09:54;36.63;0.3;4;35.44
21.12.2022 10:10:54;36.64;0.6;4;35.5
21.12.2022 10:11:54;36.64;0.3;4;35.55
21.12.2022 10:12:54;36.65;0.3;4;35.57
21.12.2022 10:13:54;36.65;0.3;4;35.63
21.12.2022 10:14:54;36.66;0.3;4;35.66
21.12.2022 10:15:54;36.66;0.3;4;35.69
21.12.2022 10:16:54;36.66;0;4;35.71
21.12.2022 10:17:54;36.67;0.3;4;35.73
21.12.2022 10:18:54;36.67;0;4;35.75
21.12.2022 10:19:54;36.67;0;4;35.78
21.12.2022 10:20:54;36.67;0;4;35.81
21.12.2022 10:21:54;36.67;0.3;4;35.84
21.12.2022 10:22:54;36.67;0;4;35.88
21.12.2022 10:23:54;36.67;0;4;35.91
21.12.2022 10:24:54;36.67;0;4;35.94
21.12.2022 10:25:54;36.67;0;4;35.98
21.12.2022 10:26:54;36.67;0;4;36.02
21.12.2022 10:27:54;36.67;0;4;36.05
21.12.2022 10:28:54;36.67;0;4;36.09
21.12.2022 10:29:54;36.68;0.3;4;36.12
21.12.2022 10:30:54;36.68;0;4;36.16
21.12.2022 10:31:54;36.67;-0.3;4;36.19
21.12.2022 10:32:54;36.67;0;4;36.22
21.12.2022 10:33:54;36.67;0;4;36.23
21.12.2022 10:34:54;36.67;0;4;36.19
21.12.2022 10:35:54;36.67;0;4;36.11
21.12.2022 10:36:54;36.67;0;4;36.05
21.12.2022 10:37:54;36.68;0.3;4;36
21.12.2022 10:38:54;36.68;0.3;4;35.94
21.12.2022 10:39:54;36.69;0.6;4;35.71
21.12.2022 10:40:54;36.69;0;4;35.58
21.12.2022 10:41:54;36.68;-0.6;4;35.53
21.12.2022 10:42:54;36.67;-0.6;4;35.53
21.12.2022 10:43:54;36.66;-0.9;4;35.5
21.12.2022 10:44:54;36.64;-0.9;4;35.46
21.12.2022 10:45:54;36.63;-0.9;4;35.64
21.12.2022 10:46:54;36.62;-0.6;4;35.52
21.12.2022 10:47:54;36.61;-0.3;4;35.4
21.12.2022 10:48:54;36.6;-0.6;4;35.31
21.12.2022 10:49:54;36.58;-1.2;4;35.25
21.12.2022 10:50:54;36.57;-0.9;4;35.2
21.12.2022 10:51:54;36.55;-1.2;4;35.24
21.12.2022 10:52:54;36.54;-0.6;4;35.3
21.12.2022 10:53:54;36.53;-0.6;4;35.37
21.12.2022 10:54:54;36.52;-0.6;4;35.44
21.12.2022 10:55:54;36.52;0;4;35.49
21.12.2022 10:56:54;36.52;0;4;35.55
21.12.2022 10:57:54;36.52;0.3;4;35.65
21.12.2022 10:58:54;36.53;0.3;4;35.65
21.12.2022 10:59:54;36.54;0.6;4;35.69
21.12.2022 11:00:54;36.55;0.6;4;35.71
21.12.2022 11:01:54;36.55;0.3;4;35.75
21.12.2022 11:02:54;36.56;0.6;4;35.77
21.12.2022 11:03:54;36.58;0.9;4;35.77
21.12.2022 11:04:54;36.59;0.6;4;35.79
21.12.2022 11:05:54;36.6;0.6;4;35.8
21.12.2022 11:06:54;36.61;0.6;4;35.74
21.12.2022 11:07:54;36.62;0.6;4;35.64
21.12.2022 11:08:54;36.62;0.3;4;35.61
21.12.2022 11:09:54;36.63;0.3;4;35.51
21.12.2022 11:10:54;36.64;0.6;4;35.42
21.12.2022 11:11:54;36.65;0.6;4;35.3
21.12.2022 11:12:54;36.65;0;4;35.29
21.12.2022 11:13:54;36.64;-0.3;4;35.4
21.12.2022 11:14:54;36.64;0;4;35.48
21.12.2022 11:15:54;36.64;0;4;35.55
21.12.2022 11:16:54;36.64;0;4;35.65
21.12.2022 11:17:54;36.65;0.3;4;35.72
21.12.2022 11:18:54;36.66;0.9;4;35.75
21.12.2022 11:19:54;36.67;0.6;4;35.78
21.12.2022 11:20:54;36.69;0.9;4;35.81
21.12.2022 11:21:54;36.7;0.9;4;35.84
21.12.2022 11:22:54;36.72;0.9;4;35.86
21.12.2022 11:23:54;36.73;0.9;4;35.82
21.12.2022 11:24:54;36.74;0.3;4;35.87
21.12.2022 11:25:54;36.75;0.6;4;35.91
21.12.2022 11:26:54;36.76;0.6;4;35.9
21.12.2022 11:27:54;36.76;0.3;4;35.9
21.12.2022 11:28:54;36.77;0.3;4;35.91
21.12.2022 11:29:54;36.77;0;4;35.94
21.12.2022 11:30:54;36.77;0;4;35.95
21.12.2022 11:31:54;36.77;0;4;35.96
21.12.2022 11:32:54;36.77;0.3;4;35.85
21.12.2022 11:33:54;36.78;0.6;4;35.66
21.12.2022 11:34:54;36.79;0.6;4;35.43
21.12.2022 11:35:54;36.8;0.6;4;35.42
21.12.2022 11:36:54;36.81;0.3;4;35.28
21.12.2022 11:37:54;36.81;0;4;35.39
21.12.2022 11:38:54;36.81;0.3;4;35.33
21.12.2022 11:39:54;36.82;0.6;4;35
21.12.2022 11:40:54;36.83;0.6;4;34.7
21.12.2022 11:41:54;36.83;-0.3;4;34.57
21.12.2022 11:42:54;36.81;-0.9;4;34.52
21.12.2022 11:43:54;36.8;-0.6;4;34.4
21.12.2022 11:44:54;36.79;-0.6;4;34.25
21.12.2022 11:45:54;36.78;-0.6;4;34.23
21.12.2022 11:46:54;36.78;0;4;34.17
21.12.2022 11:47:54;36.78;0;4;34.1
21.12.2022 11:48:54;36.78;0;4;34.23
21.12.2022 11:49:54;36.78;0;4;34.32
21.12.2022 11:50:54;36.8;0.9;4;34.41
21.12.2022 11:51:54;36.81;0.9;4;34.49
21.12.2022 11:52:54;36.83;1.2;4;34.54
21.12.2022 11:53:54;36.85;1.2;4;34.56
21.12.2022 11:54:54;36.87;1.2;4;34.58
21.12.2022 11:55:54;36.89;0.9;4;34.59
21.12.2022 11:56:54;36.9;0.9;4;34.57
21.12.2022 11:57:54;36.92;0.9;4;34.54
21.12.2022 11:58:54;36.93;0.6;4;34.53
21.12.2022 11:59:54;36.94;0.6;4;34.53
21.12.2022 12:00:54;36.95;0.6;4;34.52
21.12.2022 12:01:54;36.95;0.3;4;34.53
21.12.2022 12:02:54;36.96;0.3;4;34.55
21.12.2022 12:03:54;36.96;0.3;4;34.57
21.12.2022 12:04:54;36.97;0.3;4;34.3
21.12.2022 12:05:54;36.97;0;4;34.28
21.12.2022 12:06:54;36.96;-0.6;4;34.3
21.12.2022 12:07:54;36.95;-0.6;4;34.29
21.12.2022 12:08:54;36.94;-0.6;4;34.32
21.12.2022 12:09:54;36.93;-0.6;4;34.45
21.12.2022 12:10:54;36.92;-0.6;4;34.57
21.12.2022 12:11:54;36.91;-0.3;4;34.67
21.12.2022 12:12:54;36.91;0;4;34.73
21.12.2022 12:13:54;36.91;-0.3;4;34.82
21.12.2022 12:14:54;36.9;-0.3;4;34.9
21.12.2022 12:15:54;36.9;0;4;34.92
21.12.2022 12:16:54;36.9;0;4;34.97
21.12.2022 12:17:54;36.9;-0.3;4;35.03
21.12.2022 12:18:54;36.89;-0.3;4;35.09
21.12.2022 12:19:54;36.89;0;4;35.14
21.12.2022 12:20:54;36.89;-0.3;4;35.19
21.12.2022 12:21:54;36.89;0;4;35.22
21.12.2022 12:22:54;36.88;-0.3;4;35.24
21.12.2022 12:23:54;36.88;-0.3;4;35.26
21.12.2022 12:24:54;36.87;-0.3;4;35.27
21.12.2022 12:25:53;36.86;-0.61;4;35.25
21.12.2022 12:26:53;36.86;-0.3;4;35.24
21.12.2022 12:27:53;36.85;-0.6;4;35.23
21.12.2022 12:28:53;36.83;-0.9;4;35.24
21.12.2022 12:29:53;36.82;-0.6;4;35.23
21.12.2022 12:30:53;36.81;-0.9;4;35.23
21.12.2022 12:31:53;36.79;-0.9;4;35.24
21.12.2022 12:32:53;36.78;-0.9;4;35.24
21.12.2022 12:33:53;36.77;-0.6;4;35.26
21.12.2022 12:34:53;36.75;-0.9;4;35.27
21.12.2022 12:35:53;36.74;-0.9;4;35.28
21.12.2022 12:36:53;36.72;-1.2;4;35.27
21.12.2022 12:37:53;36.7;-0.9;4;35.29
21.12.2022 12:38:53;36.69;-0.9;4;35.27
21.12.2022 12:39:53;36.67;-0.9;4;35.28
21.12.2022 12:40:53;36.66;-0.9;4;35.3
21.12.2022 12:41:53;36.64;-0.9;4;35.32
21.12.2022 12:42:53;36.63;-0.9;4;35.34
21.12.2022 12:43:53;36.61;-0.9;4;35.35
21.12.2022 12:44:53;36.6;-0.9;4;35.37
21.12.2022 12:45:53;36.59;-0.6;4;35.38
21.12.2022 12:46:53;36.58;-0.6;4;35.46
21.12.2022 12:47:53;36.58;0;4;35.4
21.12.2022 12:48:53;36.58;0;4;35.4
21.12.2022 12:49:53;36.57;-0.3;4;35.42
21.12.2022 12:50:53;36.57;0;4;35.44
21.12.2022 12:51:53;36.57;-0.3;4;35.45
21.12.2022 12:52:53;36.56;-0.3;4;35.45
21.12.2022 12:53:53;36.56;0;4;35.45
21.12.2022 12:54:53;36.56;-0.3;4;35.48
21.12.2022 12:55:53;36.55;-0.3;4;35.49
21.12.2022 12:56:53;36.55;-0.3;4;35.48
21.12.2022 12:57:53;36.55;0;4;35.52
21.12.2022 12:58:53;36.54;-0.3;4;35.47
21.12.2022 12:59:53;36.54;-0.3;4;35.47
21.12.2022 13:00:53;36.53;-0.3;4;35.5
21.12.2022 13:01:53;36.53;-0.3;4;35.54
21.12.2022 13:02:53;36.53;0;4;35.55
21.12.2022 13:03:53;36.53;0;4;35.51
21.12.2022 13:04:53;36.53;0;4;35.58
21.12.2022 13:05:53;36.53;0.3;4;35.51
21.12.2022 13:06:53;36.54;0.3;4;35.52
21.12.2022 13:07:53;36.54;0;4;35.48
21.12.2022 13:08:53;36.54;0;4;35.55
21.12.2022 13:09:53;36.54;0;4;35.47
21.12.2022 13:10:53;36.54;0;4;35.49
21.12.2022 13:11:53;36.54;0;4;35.47
21.12.2022 13:12:53;36.54;0;4;35.47
21.12.2022 13:13:53;36.54;0;4;35.49
21.12.2022 13:14:53;36.54;0;4;35.45
21.12.2022 13:15:53;36.54;0.3;4;35.47
21.12.2022 13:16:53;36.54;0;4;35.46
21.12.2022 13:17:53;36.54;0;4;35.49
21.12.2022 13:18:53;36.54;0;4;35.5
21.12.2022 13:19:53;36.55;0.3;4;35.54
21.12.2022 13:20:53;36.55;0.3;4;35.55
21.12.2022 13:21:53;36.56;0.6;4;35.54
21.12.2022 13:22:53;36.57;0.6;4;35.58
21.12.2022 13:23:53;36.58;0.6;4;35.58
21.12.2022 13:24:53;36.59;0.6;4;35.58
21.12.2022 13:25:53;36.6;0.6;4;35.62
21.12.2022 13:26:53;36.61;0.3;4;35.63
21.12.2022 13:27:53;36.62;0.6;4;35.65
21.12.2022 13:28:53;36.63;0.9;4;35.59
21.12.2022 13:29:53;36.64;0.6;4;35.56
21.12.2022 13:30:53;36.65;0.6;4;35.57
21.12.2022 13:31:53;36.65;0;4;35.58
21.12.2022 13:32:53;36.66;0.3;4;35.56
21.12.2022 13:33:53;36.66;0;4;35.54
21.12.2022 13:34:53;36.65;-0.3;4;35.62
21.12.2022 13:35:53;36.66;0.3;4;35.61
21.12.2022 13:36:53;36.66;0;4;35.66
21.12.2022 13:37:53;36.66;0.3;4;35.68
21.12.2022 13:38:53;36.67;0.3;4;35.68
21.12.2022 13:39:53;36.68;0.6;4;35.68
21.12.2022 13:40:53;36.69;0.6;4;35.68
21.12.2022 13:41:53;36.69;0.3;4;35.67
21.12.2022 13:42:53;36.7;0.6;4;35.68
21.12.2022 13:43:53;36.71;0.6;4;35.67
21.12.2022 13:44:53;36.72;0.3;4;35.64
21.12.2022 13:45:53;36.72;0.3;4;35.7
21.12.2022 13:46:53;36.73;0.3;4;35.69
21.12.2022 13:47:53;36.73;0.3;4;35.74
21.12.2022 13:48:53;36.74;0.6;4;35.74
21.12.2022 13:49:53;36.75;0.3;4;35.76
21.12.2022 13:50:53;36.75;0.3;4;35.78
21.12.2022 13:51:53;36.76;0.6;4;35.76
21.12.2022 13:52:53;36.77;0.3;4;35.78
21.12.2022 13:53:53;36.77;0.3;4;35.77
21.12.2022 13:54:53;36.78;0.6;4;35.73
21.12.2022 13:55:53;36.79;0.3;4;35.72
21.12.2022 13:56:53;36.79;0.3;4;35.72
21.12.2022 13:57:53;36.8;0.3;4;35.71
21.12.2022 13:58:53;36.8;0.3;4;35.71
21.12.2022 13:59:53;36.8;0;4;35.72
21.12.2022 14:00:53;36.81;0.3;4;35.73
21.12.2022 14:01:53;36.81;0.3;4;35.72
21.12.2022 14:02:53;36.82;0.3;4;35.71
21.12.2022 14:03:53;36.82;0;4;35.71
21.12.2022 14:04:53;36.82;0.3;4;35.71
21.12.2022 14:05:53;36.83;0.3;4;35.7
21.12.2022 14:06:53;36.83;0.3;4;35.7
21.12.2022 14:07:53;36.84;0.3;4;35.68
21.12.2022 14:08:53;36.84;0.3;4;35.7
21.12.2022 14:09:53;36.84;0;4;35.68
21.12.2022 14:10:53;36.85;0.3;4;35.64
21.12.2022 14:11:53;36.86;0.6;4;35.64
21.12.2022 14:12:53;36.86;0.3;4;35.65
21.12.2022 14:13:53;36.87;0.3;4;35.66
21.12.2022 14:14:53;36.88;0.6;4;35.67
21.12.2022 14:15:53;36.89;0.9;4;35.67
21.12.2022 14:16:53;36.9;0.6;4;35.68
21.12.2022 14:17:53;36.91;0.3;4;35.69
21.12.2022 14:18:53;36.91;0.3;4;35.71
21.12.2022 14:19:53;36.92;0.3;4;35.72
21.12.2022 14:20:53;36.92;0;4;35.74
21.12.2022 14:21:53;36.92;0.3;4;35.49
21.12.2022 14:22:53;36.92;-0.3;4;35.33
21.12.2022 14:23:53;36.9;-0.9;4;35.19
21.12.2022 14:24:53;36.89;-0.9;4;35.08
21.12.2022 14:25:53;36.86;-1.5;4;35.04
21.12.2022 14:26:53;36.83;-1.8;4;35.01
21.12.2022 14:27:53;36.81;-1.5;4;35.01
21.12.2022 14:28:53;36.78;-1.5;4;35.01
21.12.2022 14:29:53;36.76;-1.5;4;35.01
21.12.2022 14:30:53;36.74;-1.2;4;35.02
21.12.2022 14:31:53;36.72;-1.2;4;35.08
21.12.2022 14:32:53;36.7;-0.9;4;35.14
21.12.2022 14:33:53;36.69;-0.6;4;35.14
21.12.2022 14:34:53;36.68;-0.6;4;35.12
21.12.2022 14:35:53;36.67;-0.6;4;35.13
21.12.2022 14:36:53;36.66;-0.6;4;35.15
21.12.2022 14:37:53;36.65;-0.6;4;35.15
21.12.2022 14:38:53;36.64;-0.6;4;35.16
21.12.2022 14:39:53;36.64;-0.3;4;35.18
21.12.2022 14:40:53;36.63;-0.6;4;35.18
21.12.2022 14:41:53;36.62;-0.3;4;35.2
21.12.2022 14:42:53;36.62;0;4;35.2
21.12.2022 14:43:53;36.62;-0.3;4;35.19
21.12.2022 14:44:53;36.62;0;4;35.15
21.12.2022 14:45:53;36.62;0;4;35.16
21.12.2022 14:46:53;36.61;-0.3;4;35.14
21.12.2022 14:47:54;36.61;-0.3;4;35.16
21.12.2022 14:48:54;36.6;-0.3;4;35.14
21.12.2022 14:49:54;36.6;0;4;35.22
21.12.2022 14:50:54;36.6;-0.3;4;35.18
21.12.2022 14:51:54;36.6;0;4;35.15
21.12.2022 14:52:54;36.59;-0.3;4;35.14
21.12.2022 14:53:54;36.59;0;4;35.12
21.12.2022 14:54:54;36.58;-0.6;4;35.13
21.12.2022 14:55:54;36.58;-0.3;4;35.15
21.12.2022 14:56:54;36.57;-0.3;4;35.17
21.12.2022 14:57:54;36.57;-0.3;4;35.18
21.12.2022 14:58:54;36.56;-0.6;4;35.26
21.12.2022 14:59:54;36.55;-0.3;4;35.26
21.12.2022 15:00:54;36.56;0.3;4;35.24
21.12.2022 15:01:54;36.56;0;4;35.21
21.12.2022 15:02:54;36.56;0;4;35.31
21.12.2022 15:03:54;36.57;0.9;4;35.34
21.12.2022 15:04:54;36.6;1.5;4;35.33
21.12.2022 15:05:54;36.62;1.2;4;35.17
21.12.2022 15:06:54;36.64;1.5;4;35.16
21.12.2022 15:07:54;36.65;0.6;4;35.18
21.12.2022 15:08:54;36.66;0.3;4;35.32
21.12.2022 15:09:54;36.67;0.6;4;35.2
21.12.2022 15:10:54;36.68;0.6;4;35.17
21.12.2022 15:11:54;36.68;0.3;4;35.3
21.12.2022 15:12:54;36.69;0.6;4;35.22
21.12.2022 15:13:54;36.71;0.9;4;35.13
21.12.2022 15:14:54;36.71;0.3;4;35.23
21.12.2022 15:15:54;36.72;0.6;4;35.22
21.12.2022 15:16:54;36.73;0.6;4;35.16
21.12.2022 15:17:54;36.74;0.6;4;35.16
21.12.2022 15:18:54;36.75;0.6;4;35.13
21.12.2022 15:19:54;36.76;0.3;4;35.11
21.12.2022 15:20:54;36.76;0;4;35.1
21.12.2022 15:21:54;36.75;-0.3;4;35.11
21.12.2022 15:22:54;36.75;0;4;35.12
21.12.2022 15:23:54;36.76;0.3;4;35.11
21.12.2022 15:24:54;36.76;0;4;35.09
21.12.2022 15:25:54;36.76;0;4;35.16
21.12.2022 15:26:54;36.77;0.6;4;35.16
21.12.2022 15:27:54;36.77;0.3;4;35.16
21.12.2022 15:28:54;36.78;0.3;4;35.13
21.12.2022 15:29:54;36.77;-0.3;4;35.11
21.12.2022 15:30:54;36.77;-0.3;4;35.11
21.12.2022 15:31:54;36.76;-0.3;4;35.21
21.12.2022 15:32:54;36.77;0.3;4;35.1
21.12.2022 15:33:54;36.77;0.3;4;35.22
21.12.2022 15:34:54;36.78;0.6;4;35.23
21.12.2022 15:35:54;36.8;0.9;4;35.18
21.12.2022 15:36:54;36.81;0.6;4;35.07
21.12.2022 15:37:54;36.82;0.9;4;35.07
21.12.2022 15:38:54;36.83;0.6;4;34.97
21.12.2022 15:39:54;36.84;0.6;4;34.98
21.12.2022 15:40:54;36.85;0.3;4;35.03
21.12.2022 15:41:54;36.85;0.3;4;35.1
21.12.2022 15:42:54;36.86;0.6;4;35.13
21.12.2022 15:43:54;36.87;0.6;4;35.14
21.12.2022 15:44:54;36.88;0.6;4;35.18
21.12.2022 15:45:54;36.89;0.3;4;35.24
21.12.2022 15:46:54;36.89;0.3;4;35.25
21.12.2022 15:47:54;36.89;0;4;35.26
21.12.2022 15:48:54;36.9;0.3;4;35.26
21.12.2022 15:49:54;36.9;0.3;4;35.21
21.12.2022 15:50:54;36.9;0;4;35.2
21.12.2022 15:51:54;36.9;-0.3;4;35.17
21.12.2022 15:52:54;36.89;-0.3;4;35.16
21.12.2022 15:53:54;36.88;-0.6;4;35.19
21.12.2022 15:54:54;36.87;-0.9;4;35.26
21.12.2022 15:55:54;36.86;-0.3;4;35.37
21.12.2022 15:56:54;36.87;0.3;4;35.41
21.12.2022 15:57:54;36.87;0.3;4;35.32
21.12.2022 15:58:54;36.88;0.3;4;35.39
21.12.2022 15:59:54;36.88;0.3;4;35.4
21.12.2022 16:00:54;36.89;0.3;4;35.3
21.12.2022 16:01:54;36.89;0;4;35.33
21.12.2022 16:02:54;36.88;-0.3;4;35.36
21.12.2022 16:03:54;36.88;-0.3;4;35.44
21.12.2022 16:04:54;36.88;0;4;35.45
21.12.2022 16:05:54;36.88;0;4;35.46
21.12.2022 16:06:54;36.88;0;4;35.42
21.12.2022 16:07:54;36.88;0;4;35.49
21.12.2022 16:08:54;36.87;-0.3;4;35.5
21.12.2022 16:09:54;36.87;0;4;35.47
21.12.2022 16:10:54;36.87;0;4;35.45
21.12.2022 16:11:54;36.87;0;4;35.49
21.12.2022 16:12:54;36.87;-0.3;4;35.55
21.12.2022 16:13:54;36.86;-0.3;4;35.53
21.12.2022 16:14:54;36.86;0;4;35.52
21.12.2022 16:15:54;36.86;0;4;35.58
21.12.2022 16:16:54;36.86;0;4;35.57
21.12.2022 16:17:54;36.86;0;4;35.56
21.12.2022 16:18:54;36.86;0;4;35.58
21.12.2022 16:19:54;36.86;0;4;35.62
21.12.2022 16:20:54;36.86;0;4;35.65
21.12.2022 16:21:54;36.87;0.3;4;35.65
21.12.2022 16:22:54;36.87;0;4;35.65
21.12.2022 16:23:54;36.87;0.3;4;35.61
21.12.2022 16:24:54;36.88;0.3;4;35.6
21.12.2022 16:25:54;36.88;0;4;35.6
21.12.2022 16:26:54;36.88;0.3;4;35.59
21.12.2022 16:27:54;36.88;0;4;35.58
21.12.2022 16:28:54;36.89;0.3;4;35.57
21.12.2022 16:29:54;36.89;0;4;35.58
21.12.2022 16:30:54;36.89;0;4;35.59
21.12.2022 16:31:54;36.89;0;4;35.62
21.12.2022 16:32:54;36.89;0;4;35.52
21.12.2022 16:33:54;36.88;-0.3;4;35.61
21.12.2022 16:34:54;36.88;0;4;35.63
21.12.2022 16:35:54;36.89;0.3;4;35.62
21.12.2022 16:36:54;36.89;0.3;4;35.61
21.12.2022 16:37:54;36.89;0;4;35.62
21.12.2022 16:38:54;36.9;0.3;4;35.61
21.12.2022 16:39:54;36.9;0.3;4;35.58
21.12.2022 16:40:54;36.9;0;4;35.61
21.12.2022 16:41:54;36.9;0;4;35.65
21.12.2022 16:42:54;36.9;0;4;35.65
21.12.2022 16:43:54;36.9;0;4;35.65
21.12.2022 16:44:54;36.91;0.3;4;35.61
21.12.2022 16:45:54;36.91;0;4;35.58
21.12.2022 16:46:54;36.9;-0.3;4;35.61
21.12.2022 16:47:54;36.89;-0.6;4;35.64
21.12.2022 16:48:54;36.89;0;4;35.62
21.12.2022 16:49:54;36.89;-0.3;4;35.59
21.12.2022 16:50:54;36.88;-0.3;4;35.63
21.12.2022 16:51:54;36.87;-0.6;4;35.68
21.12.2022 16:52:54;36.87;0;4;35.71
21.12.2022 16:53:54;36.87;0;4;35.72
21.12.2022 16:54:54;36.88;0.3;4;35.72
21.12.2022 16:55:54;36.88;0;4;35.73
21.12.2022 16:56:54;36.88;0.3;4;35.73
21.12.2022 16:57:54;36.88;0;4;35.75
21.12.2022 16:58:54;36.89;0.3;4;35.78
21.12.2022 16:59:54;36.89;0;4;35.78
21.12.2022 17:00:54;36.89;0.3;4;35.78
21.12.2022 17:01:54;36.9;0.3;4;35.77
21.12.2022 17:02:54;36.9;0;4;35.77
21.12.2022 17:03:54;36.9;0;4;35.8
21.12.2022 17:04:54;36.9;0;4;35.81
21.12.2022 17:05:54;36.9;0.3;4;35.81
21.12.2022 17:06:54;36.91;0.3;4;35.79
21.12.2022 17:07:54;36.91;0;4;35.68
21.12.2022 17:08:54;36.92;0.6;4;35.64
21.12.2022 17:09:54;36.92;0;4;35.63
21.12.2022 17:10:54;36.92;0;4;35.67
21.12.2022 17:11:54;36.92;0.3;4;35.69
21.12.2022 17:12:54;36.93;0.3;4;35.7
21.12.2022 17:13:54;36.93;0.3;4;35.71
21.12.2022 17:14:54;36.94;0.3;4;35.72
21.12.2022 17:15:54;36.94;0.3;4;35.72
21.12.2022 17:16:54;36.95;0.3;4;35.71
21.12.2022 17:17:54;36.95;0.3;4;35.72
21.12.2022 17:18:54;36.96;0.3;4;35.74
21.12.2022 17:19:54;36.96;0.3;4;35.75
21.12.2022 17:20:54;36.97;0.3;4;35.75
21.12.2022 17:21:54;36.97;0;4;35.68
21.12.2022 17:22:54;36.97;0.3;4;35.72
21.12.2022 17:23:54;36.97;0;4;35.7
21.12.2022 17:24:54;36.98;0.3;4;35.62
21.12.2022 17:25:54;36.97;-0.3;4;35.56
21.12.2022 17:26:54;36.96;-0.9;4;35.62
21.12.2022 17:27:54;36.95;-0.3;4;35.55
21.12.2022 17:28:54;36.94;-0.9;4;35.5
21.12.2022 17:29:54;36.92;-0.9;4;35.46
21.12.2022 17:30:54;36.9;-1.2;4;35.46
21.12.2022 17:31:54;36.89;-0.9;4;35.46
21.12.2022 17:32:54;36.87;-1.2;4;35.44
21.12.2022 17:33:54;36.85;-1.2;4;35.49
21.12.2022 17:34:54;36.83;-1.2;4;35.51
21.12.2022 17:35:54;36.81;-0.9;4;35.52
21.12.2022 17:36:54;36.8;-0.9;4;35.52
21.12.2022 17:37:54;36.78;-0.9;4;35.52
21.12.2022 17:38:54;36.77;-0.6;4;35.52
21.12.2022 17:39:54;36.76;-0.9;4;35.54
21.12.2022 17:40:54;36.75;-0.6;4;35.55
21.12.2022 17:41:54;36.74;-0.6;4;35.58
21.12.2022 17:42:54;36.73;-0.6;4;35.59
21.12.2022 17:43:54;36.72;-0.6;4;35.6
21.12.2022 17:44:54;36.71;-0.6;4;35.6
21.12.2022 17:45:54;36.7;-0.6;4;35.64
21.12.2022 17:46:54;36.69;-0.6;4;35.65
21.12.2022 17:47:54;36.68;-0.6;4;35.7
21.12.2022 17:48:54;36.67;-0.3;4;35.75
21.12.2022 17:49:54;36.67;-0.3;4;35.73
21.12.2022 17:50:54;36.67;0;4;35.73
21.12.2022 17:51:54;36.66;-0.3;4;35.73
21.12.2022 17:52:54;36.66;-0.3;4;35.74
21.12.2022 17:53:54;36.65;-0.3;4;35.72
21.12.2022 17:54:54;36.65;-0.3;4;35.7
21.12.2022 17:55:54;36.65;0;4;35.67
21.12.2022 17:56:54;36.64;-0.3;4;35.65
21.12.2022 17:57:54;36.63;-0.6;4;35.59
21.12.2022 17:58:54;36.63;-0.3;4;35.53
21.12.2022 17:59:54;36.62;-0.6;4;35.54
21.12.2022 18:00:54;36.6;-0.9;4;35.45
21.12.2022 18:01:54;36.59;-0.6;4;35.55
21.12.2022 18:02:54;36.59;0;4;35.59
21.12.2022 18:03:54;36.6;0.3;4;35.53
21.12.2022 18:04:54;36.61;0.6;4;35.57
21.12.2022 18:05:54;36.62;0.9;4;35.61
21.12.2022 18:06:54;36.64;0.9;4;35.46
21.12.2022 18:07:54;36.64;0.3;4;35.51
21.12.2022 18:08:54;36.64;0;4;35.62
21.12.2022 18:09:54;36.65;0.6;4;35.49
21.12.2022 18:10:54;36.66;0.6;4;35.42
21.12.2022 18:11:54;36.66;0;4;35.42
21.12.2022 18:12:54;36.66;-0.3;4;35.52
21.12.2022 18:13:54;36.66;0.3;4;35.42
21.12.2022 18:14:54;36.66;0;4;35.41
21.12.2022 18:15:54;36.66;-0.3;4;35.4
21.12.2022 18:16:54;36.65;-0.3;4;35.46
21.12.2022 18:17:54;36.66;0.3;4;35.54
21.12.2022 18:18:54;36.67;0.9;4;35.55
21.12.2022 18:19:54;36.69;0.9;4;35.58
21.12.2022 18:20:54;36.7;0.6;4;35.59
21.12.2022 18:21:54;36.71;0.6;4;35.55
21.12.2022 18:22:54;36.72;0.6;4;35.52
21.12.2022 18:23:54;36.73;0.9;4;35.44
21.12.2022 18:24:54;36.74;0.3;4;35.48
21.12.2022 18:25:54;36.74;0;4;35.61
21.12.2022 18:26:54;36.74;0.3;4;35.71
21.12.2022 18:27:54;36.75;0.6;4;35.78
21.12.2022 18:28:54;36.77;0.9;4;35.8
21.12.2022 18:29:54;36.79;1.2;4;35.72
21.12.2022 18:30:54;36.81;1.2;4;35.72
21.12.2022 18:31:54;36.82;0.6;4;35.75
21.12.2022 18:32:54;36.83;0.6;4;35.79
21.12.2022 18:33:54;36.84;0.6;4;35.77
21.12.2022 18:34:54;36.84;0.3;4;35.79
21.12.2022 18:35:54;36.84;0;4;35.83
21.12.2022 18:36:54;36.84;0;4;35.91
21.12.2022 18:37:54;36.84;0;4;35.93
21.12.2022 18:38:54;36.85;0.3;4;35.96
21.12.2022 18:39:54;36.85;0;4;35.95
21.12.2022 18:40:54;36.85;0.3;4;36.01
21.12.2022 18:41:54;36.86;0.3;4;36.11
21.12.2022 18:42:54;36.87;0.9;4;36.14
21.12.2022 18:43:54;36.89;0.9;4;36.17
21.12.2022 18:44:54;36.91;1.2;4;36.2
21.12.2022 18:45:54;36.93;1.2;4;36.21
21.12.2022 18:46:54;36.94;0.9;4;36.2
21.12.2022 18:47:54;36.96;1.2;4;36.23
21.12.2022 18:48:54;36.98;1.2;4;36.26
21.12.2022 18:49:54;37;0.9;4;36.3
21.12.2022 18:50:54;37.02;1.2;4;36.29
21.12.2022 18:51:54;37.03;0.9;4;36.25
21.12.2022 18:52:54;37.05;0.9;4;36.22
21.12.2022 18:53:54;37.06;0.9;4;36.21
21.12.2022 18:54:54;37.08;0.9;4;36.13
21.12.2022 18:55:54;37.09;0.9;4;36.19
21.12.2022 18:56:54;37.11;0.9;4;36.2
21.12.2022 18:57:54;37.12;0.6;4;36.22
21.12.2022 18:58:54;37.13;0.9;4;36.25
21.12.2022 18:59:54;37.15;0.9;4;36.27
21.12.2022 19:00:54;37.16;0.9;4;36.3
21.12.2022 19:01:54;37.18;0.9;4;36.28
21.12.2022 19:02:54;37.19;0.9;4;36.28
21.12.2022 19:03:54;37.21;1.2;4;36.13
21.12.2022 19:04:54;37.22;0.6;4;36.06
21.12.2022 19:05:54;37.23;0.3;4;36.08
21.12.2022 19:06:54;37.23;0;4;36.24
21.12.2022 19:07:54;37.24;0.9;4;36.23
21.12.2022 19:08:54;37.25;0.3;4;36.24
21.12.2022 19:09:54;37.25;0;4;36.28
21.12.2022 19:10:54;37.25;0;4;36.32
21.12.2022 19:11:54;37.26;0.6;4;36.28
21.12.2022 19:12:54;37.26;0;4;36.14
21.12.2022 19:13:54;37.25;-0.3;4;36.1
21.12.2022 19:14:54;37.24;-0.6;4;36.11
21.12.2022 19:15:54;37.23;-0.9;4;36.11
21.12.2022 19:16:54;37.21;-0.9;4;36.31
21.12.2022 19:17:54;37.21;-0.3;4;36.36
21.12.2022 19:18:54;37.21;0;4;36.39
21.12.2022 19:19:54;37.21;0;4;36.41
21.12.2022 19:20:54;37.21;0;4;36.44
21.12.2022 19:21:55;37.21;0.3;4;36.41
21.12.2022 19:22:55;37.21;0;4;36.44
21.12.2022 19:23:55;37.21;0;4;36.47
21.12.2022 19:24:55;37.22;0.3;4;36.42
21.12.2022 19:25:55;37.22;0;4;36.32
21.12.2022 19:26:55;37.21;-0.3;4;36.26
21.12.2022 19:27:55;37.21;-0.3;4;36.21
21.12.2022 19:28:55;37.19;-0.9;4;36.19
21.12.2022 19:29:55;37.18;-0.6;4;36.16
21.12.2022 19:30:55;37.17;-0.9;4;36.15
21.12.2022 19:31:55;37.16;-0.6;4;36.13
21.12.2022 19:32:55;37.14;-0.9;4;36.1
21.12.2022 19:33:55;37.13;-0.6;4;36.06
21.12.2022 19:34:55;37.12;-0.6;4;36.03
21.12.2022 19:35:55;37.11;-0.6;4;36.02
21.12.2022 19:36:55;37.11;-0.3;4;36
21.12.2022 19:37:55;37.1;-0.3;4;35.95
21.12.2022 19:38:55;37.1;-0.3;4;35.99
21.12.2022 19:39:55;37.09;-0.3;4;35.94
21.12.2022 19:40:55;37.09;-0.3;4;35.97
21.12.2022 19:41:55;37.08;-0.3;4;35.95
21.12.2022 19:42:55;37.08;-0.3;4;35.93
21.12.2022 19:43:55;37.07;-0.3;4;35.96
21.12.2022 19:44:55;37.07;0;4;35.93
21.12.2022 19:45:55;37.07;0;4;35.91
21.12.2022 19:46:55;37.07;0;4;35.87
21.12.2022 19:47:55;37.07;0;4;35.84
21.12.2022 19:48:55;37.08;0.3;4;35.86
21.12.2022 19:49:55;37.08;0;4;35.84
21.12.2022 19:50:55;37.08;0.3;4;35.91
21.12.2022 19:51:55;37.09;0.3;4;35.87
21.12.2022 19:52:55;37.09;0.3;4;35.82
21.12.2022 19:53:55;37.09;0;4;35.86
21.12.2022 19:54:55;37.09;0;4;35.89
21.12.2022 19:55:55;37.09;0;4;35.85
21.12.2022 19:56:55;37.1;0.3;4;35.89
21.12.2022 19:57:55;37.1;0.3;4;35.85
21.12.2022 19:58:55;37.1;0;4;35.88
21.12.2022 19:59:55;37.11;0.3;4;35.82
21.12.2022 20:00:55;37.11;0;4;35.89
21.12.2022 20:01:55;37.11;0.3;4;35.85
21.12.2022 20:02:55;37.12;0.3;4;35.87
21.12.2022 20:03:55;37.12;0.3;4;35.89
21.12.2022 20:04:55;37.13;0.6;4;35.79
21.12.2022 20:05:55;37.14;0.3;4;35.77
21.12.2022 20:06:55;37.14;0.3;4;35.81
21.12.2022 20:07:55;37.14;-0.3;4;35.82
21.12.2022 20:08:55;37.14;0;4;35.83
21.12.2022 20:09:55;37.14;0.3;4;35.86
21.12.2022 20:10:55;37.14;0;4;35.87
21.12.2022 20:11:55;37.15;0.3;4;35.86
21.12.2022 20:12:55;37.15;0.3;4;35.9
21.12.2022 20:13:55;37.15;0;4;35.9
21.12.2022 20:14:55;37.16;0.3;4;35.9
21.12.2022 20:15:55;37.16;0;4;35.94
21.12.2022 20:16:55;37.16;0.3;4;35.96
21.12.2022 20:17:55;37.16;0;4;35.95
21.12.2022 20:18:55;37.17;0.3;4;35.89
21.12.2022 20:19:55;37.17;0.3;4;35.85
21.12.2022 20:20:55;37.17;0;4;35.96
21.12.2022 20:21:55;37.18;0.3;4;35.84
21.12.2022 20:22:55;37.18;0.3;4;35.81
21.12.2022 20:23:55;37.18;-0.3;4;35.79
21.12.2022 20:24:55;37.18;0;4;35.77
21.12.2022 20:25:55;37.17;-0.3;4;35.82
21.12.2022 20:26:55;37.17;-0.3;4;35.78
21.12.2022 20:27:55;37.16;-0.3;4;35.68
21.12.2022 20:28:55;37.16;-0.3;4;35.7
21.12.2022 20:29:55;37.15;-0.6;4;35.73
21.12.2022 20:30:55;37.14;-0.6;4;35.76
21.12.2022 20:31:55;37.13;-0.3;4;35.8
21.12.2022 20:32:55;37.12;-0.6;4;35.82
21.12.2022 20:33:55;37.12;-0.3;4;35.81
21.12.2022 20:34:55;37.11;-0.3;4;35.83
21.12.2022 20:35:55;37.11;-0.3;4;35.94
21.12.2022 20:36:55;37.11;0;4;35.97
21.12.2022 20:37:55;37.11;0.3;4;35.96
21.12.2022 20:38:55;37.12;0.3;4;35.94
21.12.2022 20:39:55;37.12;0.3;4;35.96
21.12.2022 20:40:55;37.12;0;4;35.94
21.12.2022 20:41:55;37.12;0;4;35.96
21.12.2022 20:42:55;37.12;0;4;36.06
21.12.2022 20:43:55;37.12;0;4;36.02
21.12.2022 20:44:55;37.13;0.6;4;36
21.12.2022 20:45:55;37.13;0;4;36.01
21.12.2022 20:46:55;37.14;0.3;4;35.99
21.12.2022 20:47:55;37.14;0;4;35.96
21.12.2022 20:48:55;37.14;0;4;36.04
21.12.2022 20:49:55;37.14;0;4;36.02
21.12.2022 20:50:55;37.14;0;4;36.07
21.12.2022 20:51:55;37.14;0;4;36.07
21.12.2022 20:52:55;37.14;0.3;4;36.09
21.12.2022 20:53:55;37.15;0.3;4;36.06
21.12.2022 20:54:55;37.15;0.3;4;36.09
21.12.2022 20:55:55;37.15;0;4;36.04
21.12.2022 20:56:55;37.16;0.3;4;36.04
21.12.2022 20:57:55;37.16;0;4;36.02
21.12.2022 20:58:55;37.16;0;4;36.05
21.12.2022 20:59:55;37.15;-0.3;4;36.13
21.12.2022 21:00:55;37.16;0.3;4;36.07
21.12.2022 21:01:55;37.16;0;4;36.09
21.12.2022 21:02:55;37.16;0;4;36.1
21.12.2022 21:03:55;37.16;0;4;36.09
21.12.2022 21:04:55;37.16;0;4;36.06
21.12.2022 21:05:55;37.15;-0.3;4;36.09
21.12.2022 21:06:55;37.15;0;4;36.07
21.12.2022 21:07:55;37.15;0;4;36.01
21.12.2022 21:08:55;37.15;-0.3;4;36
21.12.2022 21:09:55;37.15;0;4;35.96
21.12.2022 21:10:55;37.14;-0.6;4;35.95
21.12.2022 21:11:55;37.13;-0.3;4;35.95
21.12.2022 21:12:55;37.12;-0.9;4;36.01
21.12.2022 21:13:55;37.11;-0.3;4;36.01
21.12.2022 21:14:55;37.11;-0.3;4;36.06
21.12.2022 21:15:55;37.1;-0.3;4;36.06
21.12.2022 21:16:55;37.1;0;4;36.06
21.12.2022 21:17:55;37.1;0;4;36.05
21.12.2022 21:18:55;37.1;-0.3;4;36.07
21.12.2022 21:19:55;37.1;0;4;36.06
21.12.2022 21:20:55;37.1;0;4;36.06
21.12.2022 21:21:55;37.1;0;4;36.09
21.12.2022 21:22:55;37.1;0;4;36.06
21.12.2022 21:23:55;37.1;0;4;36.08
21.12.2022 21:24:55;37.1;0;4;36.06
21.12.2022 21:25:55;37.1;0;4;36.02
21.12.2022 21:26:55;37.1;0;4;35.94
21.12.2022 21:27:55;37.09;-0.3;4;35.87
21.12.2022 21:28:55;37.08;-0.6;4;35.87
21.12.2022 21:29:55;37.08;-0.3;4;35.81
21.12.2022 21:30:55;37.07;-0.6;4;35.77
21.12.2022 21:31:55;37.05;-0.9;4;35.78
21.12.2022 21:32:55;37.04;-0.9;4;35.8
21.12.2022 21:33:55;37.03;-0.6;4;35.8
21.12.2022 21:34:55;37.01;-0.9;4;35.8
21.12.2022 21:35:55;37;-0.9;4;35.78
21.12.2022 21:36:55;36.99;-0.6;4;35.74
21.12.2022 21:37:55;36.97;-0.9;4;35.75
21.12.2022 21:38:55;36.96;-0.9;4;35.81
21.12.2022 21:39:55;36.95;-0.3;4;35.95
21.12.2022 21:40:55;36.96;0.3;4;35.97
21.12.2022 21:41:55;36.97;0.6;4;35.98
21.12.2022 21:42:55;36.98;0.9;4;35.94
21.12.2022 21:43:55;36.99;0.6;4;35.87
21.12.2022 21:44:55;37;0.3;4;35.84
21.12.2022 21:45:55;37;0.3;4;35.73
21.12.2022 21:46:55;37.01;0.3;4;35.61
21.12.2022 21:47:55;37.01;0;4;35.62
21.12.2022 21:48:55;37;-0.6;4;35.64
21.12.2022 21:49:55;36.99;-0.6;4;35.69
21.12.2022 21:50:55;36.97;-0.9;4;35.75
21.12.2022 21:51:55;36.97;0;4;35.71
21.12.2022 21:52:55;36.97;-0.3;4;35.78
21.12.2022 21:53:55;36.96;-0.3;4;35.8
21.12.2022 21:54:55;36.96;0;4;35.75
21.12.2022 21:55:55;36.96;-0.3;4;35.75
21.12.2022 21:56:55;36.95;-0.3;4;35.74
21.12.2022 21:57:55;36.95;-0.3;4;35.77
21.12.2022 21:58:55;36.94;-0.3;4;35.81
21.12.2022 21:59:55;36.94;0;4;35.73
21.12.2022 22:00:55;36.94;-0.3;4;35.72
21.12.2022 22:01:55;36.93;-0.6;4;35.7
21.12.2022 22:02:55;36.92;-0.3;4;35.65
21.12.2022 22:03:55;36.91;-0.6;4;35.64
21.12.2022 22:04:55;36.9;-0.6;4;35.66
21.12.2022 22:05:55;36.89;-0.6;4;35.68
21.12.2022 22:06:55;36.88;-0.6;4;35.73
21.12.2022 22:07:55;36.89;0.3;4;35.68
21.12.2022 22:08:55;36.89;0.3;4;35.6
21.12.2022 22:09:55;36.9;0.6;4;35.54
21.12.2022 22:10:55;36.91;0.6;4;35.54
21.12.2022 22:11:55;36.93;0.9;4;35.54
21.12.2022 22:12:55;36.94;0.6;4;35.54
21.12.2022 22:13:55;36.95;0.9;4;35.53
21.12.2022 22:14:55;36.96;0.6;4;35.51
21.12.2022 22:15:55;36.98;0.9;4;35.51
21.12.2022 22:16:55;36.99;0.9;4;35.53
21.12.2022 22:17:55;37;0.6;4;35.55
21.12.2022 22:18:55;37.01;0.6;4;35.55
21.12.2022 22:19:55;37.02;0.6;4;35.54
21.12.2022 22:20:55;37.03;0.6;4;35.56
21.12.2022 22:21:55;37.04;0.3;4;35.57
21.12.2022 22:22:55;37.04;0.3;4;35.58
21.12.2022 22:23:55;37.05;0.3;4;35.58
21.12.2022 22:24:55;37.05;0.3;4;35.58
21.12.2022 22:25:55;37.05;0;4;35.59
21.12.2022 22:26:55;37.06;0.3;4;35.59
21.12.2022 22:27:55;37.06;0;4;35.58
21.12.2022 22:28:55;37.06;0;4;35.56
21.12.2022 22:29:55;37.06;0;4;35.54
21.12.2022 22:30:55;37.06;0;4;35.52
21.12.2022 22:31:55;37.06;0.3;4;35.5
21.12.2022 22:32:55;37.07;0.6;4;35.49
21.12.2022 22:33:55;37.08;0.6;4;35.49
21.12.2022 22:34:55;37.1;0.9;4;35.48
21.12.2022 22:35:55;37.12;1.2;4;35.49
21.12.2022 22:36:55;37.13;0.6;4;35.5
21.12.2022 22:37:55;37.14;0.6;4;35.51
21.12.2022 22:38:55;37.15;0.6;4;35.54
21.12.2022 22:39:55;37.15;0.3;4;35.57
21.12.2022 22:40:55;37.15;0;4;35.51
21.12.2022 22:41:55;37.16;0.3;4;35.56
21.12.2022 22:42:55;;;;33.91
21.12.2022 22:43:55;;;;31.58
21.12.2022 22:44:55;;;;29.45
21.12.2022 22:45:55;;;;27.62
21.12.2022 22:46:55;;;;26.14
21.12.2022 22:47:55;;;;24.96
21.12.2022 22:48:55;;;;24.02
21.12.2022 22:49:55;;;;23.26
21.12.2022 22:50:55;;;;22.65
21.12.2022 22:51:55;;;;22.16
21.12.2022 22:52:55;;;;21.77
21.12.2022 22:53:55;;;;21.47
21.12.2022 22:54:55;;;;21.23
21.12.2022 22:55:55;;;;21
21.12.2022 22:56:55;;;;20.82
21.12.2022 22:57:55;;;;20.67
21.12.2022 22:58:55;;;;20.54
21.12.2022 22:59:55;;;;20.43
21.12.2022 23:00:55;;;;20.35
21.12.2022 23:01:55;;;;20.27
21.12.2022 23:02:55;;;;20.21
21.12.2022 23:03:55;;;;20.15
21.12.2022 23:04:55;;;;20.09
21.12.2022 23:05:55;;;;20.02
21.12.2022 23:06:55;;;;19.93
21.12.2022 23:07:55;;;;19.84
21.12.2022 23:08:55;;;;19.75
21.12.2022 23:09:55;;;;19.68
21.12.2022 23:10:56;;;;19.61
21.12.2022 23:11:56;;;;19.55
21.12.2022 23:12:56;;;;19.49
21.12.2022 23:13:56;;;;19.44
21.12.2022 23:14:56;;;;19.39
21.12.2022 23:15:56;;;;19.34
21.12.2022 23:16:56;;;;19.3
21.12.2022 23:17:56;;;;19.26
21.12.2022 23:18:56;;;;19.25
21.12.2022 23:19:56;37.16;;1;22.91
21.12.2022 23:20:56;37.16;;1;27.24
21.12.2022 23:21:56;37.16;;1;30.02
21.12.2022 23:22:56;37.16;;1;31.09
21.12.2022 23:23:56;37.16;0.18;4;31.69
21.12.2022 23:24:56;37.19;;1;32.64
21.12.2022 23:25:56;37.19;0.12;3;33.04
21.12.2022 23:26:56;37.18;-0.9;3;33.23
21.12.2022 23:27:56;37.18;0.3;3;33.55
21.12.2022 23:28:56;37.19;0.3;3;33.84
21.12.2022 23:29:56;37.2;0.9;3;33.95
21.12.2022 23:30:56;37.22;0.96;4;34.11
21.12.2022 23:31:56;37.23;0.6;4;34.19
21.12.2022 23:32:56;37.23;0.3;4;34.32
21.12.2022 23:33:56;37.24;0.6;4;34.42
21.12.2022 23:34:56;37.24;0;4;34.53
21.12.2022 23:35:56;37.25;0.3;4;34.61
21.12.2022 23:36:56;37.25;0;4;34.67
21.12.2022 23:37:56;37.25;0;4;34.71
21.12.2022 23:38:56;37.25;0;4;34.76
21.12.2022 23:39:56;37.24;-0.3;4;34.81
21.12.2022 23:40:56;37.24;-0.3;4;34.89
21.12.2022 23:41:56;37.23;-0.3;4;34.91
21.12.2022 23:42:56;37.23;-0.3;4;34.91
21.12.2022 23:43:56;37.22;-0.6;4;34.92
21.12.2022 23:44:56;37.21;-0.3;4;34.88
21.12.2022 23:45:56;37.2;-0.9;4;34.83
21.12.2022 23:46:56;37.19;-0.6;4;34.87
21.12.2022 23:47:56;37.17;-0.9;4;34.98
21.12.2022 23:48:56;37.17;-0.3;4;35.06
21.12.2022 23:49:56;37.16;-0.3;4;35.09
21.12.2022 23:50:56;37.16;-0.3;4;34.89
21.12.2022 23:51:56;37.14;-0.9;4;34.79
21.12.2022 23:52:56;37.12;-1.2;4;34.72
21.12.2022 23:53:56;37.1;-1.2;4;34.87
21.12.2022 23:54:56;37.1;-0.3;4;34.93
21.12.2022 23:55:56;37.09;-0.3;4;34.93
21.12.2022 23:56:56;37.09;0;4;34.9
21.12.2022 23:57:56;37.1;0.3;4;34.79
21.12.2022 23:58:56;37.1;0;4;34.68
21.12.2022 23:59:56;37.1;0;4;34.53